1;Almohadones;;1
2;Bolsos;;1
3;Fajas;;1
4;Mochilas;;1
5;Pezoneras;;1
6;Protectores Mamarios;;1
7;Chupetes;Incluye chupetes, prendedores y porta chupetes;2
8;Esterilizadores;Incluye esterilizadores de mamaderas, de chupetes, etc;2
9;Mamaderas y Accesorios;Incluye mamaderas, biberones, tetinas, esterilizador, limpiador y termo;2
10;Mordillos;;2
11;Otros;Incluye descartaleches, correctores de pezón, cascos recogeleches , contenedores;2
12;Sacaleches;;2
13;Baberos;;3
14;Cubiertos;;3
15;Platos;;3
16;Sillas de Comer;Incluye sillas y repuestos;3
17;Vasos;;3
18;Otros;Incluye chupetes alimentarios y termos;3
19;Deportes y Gimnasios;FIT & FUN;4
20;Educativos;ABC Bilingues;4
21;Encastrables y Apilables;SMART2PLAY;4
22;Muñecas y Muñecos;;4
23;Musicales;Happy Music;4
24;Peluches;;4
25;Primeros Juegos;BABY SENSES;4
26;Sonajeros;;4
27;Vehículos;TURBO VESPA;4
28;Aspiradores Nasales;;5
29;Cepillos y Peines;;5
30;Higiene Bucal;Incluye cepillos, pastas, sets de higiene bucal;5
31;Sets de Higiene;Incluye sets de cuidado;5
32;Tijeras;;5
33;Cochecitos;Incluye accesorios (Red Portaobjetos, Sombrilla), adaptadores, repelentes y repuestos;6
34;Cunas, Catres y Moisés;;6
35;Huevitos y Sillitas;Incluye butacas y bases;6
36;Mochilas y Porta Bebés ;;6
37;Baby Call;;7
38;Barreras;Incluye barreras, extensiones y puertas;7
39;Espejos Retrovisores;;7
40;Pisos de Goma;;7
41;Traba de Puertas;;7
42;Cunas;Incluye cunas, practicunas, cunas funcionales y repuestos;8
43;Catres;Incluye catres de baño;8
44;Moisés;;8
45;Multifunción;Moisés de día, Hamaca, Silla de comer o Primera sillita;8
46;Nidos de Contensión;;8
47;Parasoles;;8
